StudyID,MasterListNumber,FullTextExtraction_Number,longDBName,Year,title,Data Source,Year_Data,Country,Design,Age_Group,SampleSize,AgeMean,AgeSD,PercentFemale,PercentNonWhite,Recruitment,Device_Type,Device_Brand,Device_Model,Device_Location,Device_side,Sampling_Rate_Hz,Raw_Epoch,Sleep_Epoch_Secs,Wake_Epoch_Secs,Wear_Days_Instructed,Day_Cycle_Definition,Excluded_Transition_Days,Wear_Time_Per_Day_Mean,Valid_Days_Required,Valid_Hours_Per_Day,Valid_SB_Max_per_Day,Valid_sleep_min_per_day,Weekend_Day_Required,Weighting_Scheme,NonWear_Criterion,NonWear_Handling,WakeTime_Objective_Yes_No,IfWakeSubjective_questionnaire_used,Sleep_Objective_Yes_No,SleepSubjective_questionnaire_used,Sleep_Measurement_Type,Sleep_Detection_Method,Cutpoints_Used_YesorNo,Cutpoint_Type,SB_Threshold,LPA_Threshold,MVPA_Threshold,Extra_behav_Threshold,Extra_Behav_Name,CoDA_Models_Amount,CODA_Parts_Number,CODA_Parts,CoDA_Additional_Parts_Number,CoDA_Additional_Parts_Number2,Zero_Handling_Reported_Yes_No,Zero_Handling_Method,Zero_Replacement_Value_in_secs,ILR_Transformation_Type,Transformation_Details,CoDA_Packages_Used,Data_Closure_24hr_Sum,Closure_Method,Subgroup,Subgroup_Sample_Size,Independent_Variable,Outcome_Variable,Covariates,Compositional_Isotemporal_Substitution_Applied_Yes_No,Time_Reallocation_Increment_minutes,Stratified_Analyses,Sensitivity_Analyses,Bootstrap,Main_Findings
"Chastin, Palarea-Albaladejo, Dontje (2015)",77,1,MEDLINE,2015,"Combined Effects of Time Spent in Physical Activity, Sedentary Behaviors and Sleep on Obesity and Cardio-Metabolic Health Markers: A Novel Compositional Data Analysis Approach.",NHANES, 2005-2006,USA,Cross-sectional,Adult,1937,43,11,51,52.6,Community,Accelorometer,Actigraph,7164,Hip,NR,NR,60,,60,7,NR,NR,NR,5,10,NR,NR,NR,NR,NR,NR,Yes,,No,Single-item sleep duration question,Subjective only,"""How much sleep do you actually get at night on weekdays or workdays"" as integer from 1 to 24 hours",Yes,"Standard count per minutes thresholds (Freedson et al, 1998)",<100 counts/min,100 to 1951 counts/min,³1952 counts/min,,,1,4.0,Sleep; SB; LPA; MVPA,,,No,NR,NR,ILR,in S2 File (supplementary material),NR,1,"Sleep (self-report) and accelerometer-derived SB, LIPA, MVPA expressed as proportions of 24 h and normalized so the sum = 1",,,24-hour time-use composition (ILR coordinates),BMI; waist circumference; systolic blood pressure; diastolic blood pressure; HDL; LDL; triglycerides; CRP; plasma glucose; plasma insulin; HOMA,Age; Sex; Race/ethnicity; Marital status; Education; Work status; Ratio of family income to poverty level; Smoking status; Alcohol consumption; Caffeine intake; Total energy intake; Saturated fat intake; Self-reported health (SF-12); Previous diagnosis of cancer; Previous diagnosis of diabetes; Previous diagnosis of cardiovascular disease; Previous diagnosis of stroke; Current use of diabetic medication; Current use of antihypertensive medication; Current use of lipidemic medication,Yes,10,BMI; Waist circumference; Blood pressure; HDL; LDL; Triglycerides; Plasma glucose; Plasma insulin; HOMA categories,Removed 10% of cases at random to test stability of model estimates,No,
"Carson, Tremblay, Chaput (2016)",11,2,MEDLINE,2016,"Associations between sleep duration, sedentary time, physical activity, and health indicators among Canadian children and youth using compositional analyses.",Canadian Health Measures Survey (CHMS) cycles 1 to 3," Cycle 1 (2007-2009), Cycle 2 (2009-2011), Cycle 3 (2012-2013)",Canada,Cross-sectional,Children; Adolescents,4169,11.4,0.1,48.7,NR,Community,Accelorometer,Actical,NR,Waist,NR,NR,60,,60,7,NR,NR,NR,4,10,NR,NR,NR,NR,"³60 consecutive minutes of zero counts, with allowance for 2 min of counts between zero and 100",NR,Yes,,No,Single-item sleep duration question,Subjective only,"Self-reported (response to ""How many hours do you (your child) usually spend sleeping in a 24-hour period, excluding time spent resting."")",Yes,Count per minutes thresholds (Colley et al. 2010),<100 counts per minute ,100-1499 cpm,³1500 cpm,,,1,4.0,Sleep; SB; LPA; MVPA,,,No,NR,NR,ILR,NR,NR,1,NR,,,24-hour time-use composition (ILR coordinates),zBMI; Waist circumference; Blood pressure; Behavioural strengths and difficulties; Aerobic fitness; Triglycerides; High-density lipoprotein cholesterol; C-reactive protein; Insulin,Age; Sex; Highest household education,Yes,10,BMI z-score groups; All other health indicators stratified by quartiles,No,Used to estimate standard errors and coefficients of variation to account for survey design effects),
"Fairclough, Dumuid, Taylor (2017)",27,3,MEDLINE,2017,"Fitness, fatness and the reallocation of time between children's daily movement behaviours: an analysis of compositional data.", Active Schools: Skelmersdale study,2016,England,Cross-sectional,Children,169,10.3,0.3,50.3,NR,School,Accelorometer,ActiGraph,GT9X triaxial accelerometer,Wrist,Non-dominant,30,1,NR,60,7,NR,NR,23.4,3,16,NR,NR,NR,NR,"Standard deviation and value range of each accelerometer axis, calculated for moving windows of 60 min with 15 min increments",Replaced by the mean value calculated from measurement on other days at the same time of day,Yes,,Yes,,Objective only,van Hees algorithm (GGIR R package),Yes,Hildebrand et al. prediction equations,2 METs ,2Ð4 METs,³4 METs,,,1,4.0,Sleep; SB; LPA; MVPA,,,No,NR,NR,ILR,NR,compositions,1440,NR,Full,169,,,,,,,,,
"Fairclough, Dumuid, Taylor (2017)",27,3,MEDLINE,2017,"Fitness, fatness and the reallocation of time between children's daily movement behaviours: an analysis of compositional data.", Active Schools: Skelmersdale study,2016,England,Cross-sectional,Children,169,10.3,0.3,50.3,NR,School,Accelorometer,ActiGraph,GT9X triaxial accelerometer,Wrist,Non-dominant,30,1,NR,60,7,NR,NR,23.4,3,16,NR,NR,NR,NR,"Standard deviation and value range of each accelerometer axis, calculated for moving windows of 60 min with 15 min increments",Replaced by the mean value calculated from measurement on other days at the same time of day,Yes,,Yes,,Objective only,van Hees algorithm (GGIR R package),Yes,Hildebrand et al. prediction equations,2 METs ,2Ð4 METs,³4 METs,,,1,4.0,Sleep; SB; LPA; MVPA,,,No,NR,NR,ILR,NR,compositions,1440,NR,Underweight,15,,,,,,,,,
"Fairclough, Dumuid, Taylor (2017)",27,3,MEDLINE,2017,"Fitness, fatness and the reallocation of time between children's daily movement behaviours: an analysis of compositional data.", Active Schools: Skelmersdale study,2016,England,Cross-sectional,Children,169,10.3,0.3,50.3,NR,School,Accelorometer,ActiGraph,GT9X triaxial accelerometer,Wrist,Non-dominant,30,1,NR,60,7,NR,NR,23.4,3,16,NR,NR,NR,NR,"Standard deviation and value range of each accelerometer axis, calculated for moving windows of 60 min with 15 min increments",Replaced by the mean value calculated from measurement on other days at the same time of day,Yes,,Yes,,Objective only,van Hees algorithm (GGIR R package),Yes,Hildebrand et al. prediction equations,2 METs ,2Ð4 METs,³4 METs,,,1,4.0,Sleep; SB; LPA; MVPA,,,No,NR,NR,ILR,NR,compositions,1440,NR,Normal weight,115,,,,,,,,,
"Fairclough, Dumuid, Taylor (2017)",27,3,MEDLINE,2017,"Fitness, fatness and the reallocation of time between children's daily movement behaviours: an analysis of compositional data.", Active Schools: Skelmersdale study,2016,England,Cross-sectional,Children,169,10.3,0.3,50.3,NR,School,Accelorometer,ActiGraph,GT9X triaxial accelerometer,Wrist,Non-dominant,30,1,NR,60,7,NR,NR,23.4,3,16,NR,NR,NR,NR,"Standard deviation and value range of each accelerometer axis, calculated for moving windows of 60 min with 15 min increments",Replaced by the mean value calculated from measurement on other days at the same time of day,Yes,,Yes,,Objective only,van Hees algorithm (GGIR R package),Yes,Hildebrand et al. prediction equations,2 METs ,2Ð4 METs,³4 METs,,,1,4.0,Sleep; SB; LPA; MVPA,,,No,NR,NR,ILR,NR,compositions,1440,NR,Overweight/obese,39,24-hour time-use composition (ILR coordinates), zBMI; %WHtR; VO_ peak,Sex; Age; IMD decile (Neighbourhood-level socio-economic status),Yes,5,Weight status,No,No,
"Dumuid, Stanford, Pedi_i_ (2018)",36,4,MEDLINE,2018,"Adiposity and the isotemporal substitution of physical activity, sedentary time and sleep among school-aged children: a compositional data analysis approach."," International Study of Childhood Obesity, Lifestyle and the Environment (ISCOLE)",2011-2013,"Australia, Canada, United Kingdom, Finland",Cross-sectional,Children,1728,NR,NR,56,NR,School,Accelorometer,Actigraph,GT3X+,Hip,Right,NR,1,60,15,7,NR,NR,22.8,4,10,NR,NR,1,5 weekday : 2 weekend, ³20 consecutive minutes of 0 activity counts,Removed,Yes,,Yes,,Objective only,Fully automated algorithm (ActiLife software),Yes,Evenson et al. (2008),² 25 counts / 15 s,26Ð573 counts / 15 s,³ 574 counts / 15 s,,,1,4.0,Sleep; SB; LPA; MVPA,,,No,NR,NR,ILR,In additional file1,Compositions; robCompositions,1440,NR,Full,1728,24-hour time-use composition (ILR coordinates),Body fat%,Highest education level of either parent; Number of parents in the home; Number of siblings in the home,Yes,30,Sex; Weight status,No,No,"Reallocating time from MVPA to other behaviors unfavorably impacts body fat%; the compositional model is preferred over the traditional model as its estimates correctly account for the asymmetry, non-linearity, and starting activity composition of the child."
"Dumuid, Stanford, Pedi_i_ (2018)",36,4,MEDLINE,2018,"Adiposity and the isotemporal substitution of physical activity, sedentary time and sleep among school-aged children: a compositional data analysis approach."," International Study of Childhood Obesity, Lifestyle and the Environment (ISCOLE)",2011-2013,"Australia, Canada, United Kingdom, Finland",Cross-sectional,Children,1728,NR,NR,56,NR,School,Accelorometer,Actigraph,GT3X+,Hip,Right,NR,1,60,15,7,NR,NR,22.8,4,10,NR,NR,1,5 weekday : 2 weekend, ³20 consecutive minutes of 0 activity counts,Removed,Yes,,Yes,,Objective only,Fully automated algorithm (ActiLife software),Yes,Evenson et al. (2008),² 25 counts / 15 s,26Ð573 counts / 15 s,³ 574 counts / 15 s,,,1,4.0,Sleep; SB; LPA; MVPA,,,No,NR,NR,ILR,In additional file1,Compositions; robCompositions,1440,NR,Girls,968,24-hour time-use composition (ILR coordinates),Body fat%,Highest education level of either parent; Number of parents in the home; Number of siblings in the home,Yes,30,Sex; Weight status,No,No,"Reallocating time from MVPA to other behaviors unfavorably impacts body fat%; the compositional model is preferred over the traditional model as its estimates correctly account for the asymmetry, non-linearity, and starting activity composition of the child."
"Dumuid, Stanford, Pedi_i_ (2018)",36,4,MEDLINE,2018,"Adiposity and the isotemporal substitution of physical activity, sedentary time and sleep among school-aged children: a compositional data analysis approach."," International Study of Childhood Obesity, Lifestyle and the Environment (ISCOLE)",2011-2013,"Australia, Canada, United Kingdom, Finland",Cross-sectional,Children,1728,NR,NR,56,NR,School,Accelorometer,Actigraph,GT3X+,Hip,Right,NR,1,60,15,7,NR,NR,22.8,4,10,NR,NR,1,5 weekday : 2 weekend, ³20 consecutive minutes of 0 activity counts,Removed,Yes,,Yes,,Objective only,Fully automated algorithm (ActiLife software),Yes,Evenson et al. (2008),² 25 counts / 15 s,26Ð573 counts / 15 s,³ 574 counts / 15 s,,,1,4.0,Sleep; SB; LPA; MVPA,,,No,NR,NR,ILR,In additional file1,Compositions; robCompositions,1440,NR,Boys,760,24-hour time-use composition (ILR coordinates),Body fat%,Highest education level of either parent; Number of parents in the home; Number of siblings in the home,Yes,30,Sex; Weight status,No,No,"Reallocating time from MVPA to other behaviors unfavorably impacts body fat%; the compositional model is preferred over the traditional model as its estimates correctly account for the asymmetry, non-linearity, and starting activity composition of the child."
"Dumuid, Stanford, Pedi_i_ (2018)",36,4,MEDLINE,2018,"Adiposity and the isotemporal substitution of physical activity, sedentary time and sleep among school-aged children: a compositional data analysis approach."," International Study of Childhood Obesity, Lifestyle and the Environment (ISCOLE)",2011-2013,"Australia, Canada, United Kingdom, Finland",Cross-sectional,Children,1728,NR,NR,56,NR,School,Accelorometer,Actigraph,GT3X+,Hip,Right,NR,1,60,15,7,NR,NR,22.8,4,10,NR,NR,1,5 weekday : 2 weekend, ³20 consecutive minutes of 0 activity counts,Removed,Yes,,Yes,,Objective only,Fully automated algorithm (ActiLife software),Yes,Evenson et al. (2008),² 25 counts / 15 s,26Ð573 counts / 15 s,³ 574 counts / 15 s,,,1,4.0,Sleep; SB; LPA; MVPA,,,No,NR,NR,ILR,In additional file1,Compositions; robCompositions,1440,NR,Normal weight boys,520,24-hour time-use composition (ILR coordinates),Body fat%,Highest education level of either parent; Number of parents in the home; Number of siblings in the home,Yes,30,Sex; Weight status,No,No,"Reallocating time from MVPA to other behaviors unfavorably impacts body fat%; the compositional model is preferred over the traditional model as its estimates correctly account for the asymmetry, non-linearity, and starting activity composition of the child."
"Dumuid, Stanford, Pedi_i_ (2018)",36,4,MEDLINE,2018,"Adiposity and the isotemporal substitution of physical activity, sedentary time and sleep among school-aged children: a compositional data analysis approach."," International Study of Childhood Obesity, Lifestyle and the Environment (ISCOLE)",2011-2013,"Australia, Canada, United Kingdom, Finland",Cross-sectional,Children,1728,NR,NR,56,NR,School,Accelorometer,Actigraph,GT3X+,Hip,Right,NR,1,60,15,7,NR,NR,22.8,4,10,NR,NR,1,5 weekday : 2 weekend, ³20 consecutive minutes of 0 activity counts,Removed,Yes,,Yes,,Objective only,Fully automated algorithm (ActiLife software),Yes,Evenson et al. (2008),² 25 counts / 15 s,26Ð573 counts / 15 s,³ 574 counts / 15 s,,,1,4.0,Sleep; SB; LPA; MVPA,,,No,NR,NR,ILR,In additional file1,Compositions; robCompositions,1440,NR,Overweight boys,158,24-hour time-use composition (ILR coordinates),Body fat%,Highest education level of either parent; Number of parents in the home; Number of siblings in the home,Yes,30,Sex; Weight status,No,No,"Reallocating time from MVPA to other behaviors unfavorably impacts body fat%; the compositional model is preferred over the traditional model as its estimates correctly account for the asymmetry, non-linearity, and starting activity composition of the child."
"Dumuid, Stanford, Pedi_i_ (2018)",36,4,MEDLINE,2018,"Adiposity and the isotemporal substitution of physical activity, sedentary time and sleep among school-aged children: a compositional data analysis approach."," International Study of Childhood Obesity, Lifestyle and the Environment (ISCOLE)",2011-2013,"Australia, Canada, United Kingdom, Finland",Cross-sectional,Children,1728,NR,NR,56,NR,School,Accelorometer,Actigraph,GT3X+,Hip,Right,NR,1,60,15,7,NR,NR,22.8,4,10,NR,NR,1,5 weekday : 2 weekend, ³20 consecutive minutes of 0 activity counts,Removed,Yes,,Yes,,Objective only,Fully automated algorithm (ActiLife software),Yes,Evenson et al. (2008),² 25 counts / 15 s,26Ð573 counts / 15 s,³ 574 counts / 15 s,,,1,4.0,Sleep; SB; LPA; MVPA,,,No,NR,NR,ILR,In additional file1,Compositions; robCompositions,1440,NR,Obese boys,79,24-hour time-use composition (ILR coordinates),Body fat%,Highest education level of either parent; Number of parents in the home; Number of siblings in the home,Yes,30,Sex; Weight status,No,No,"Reallocating time from MVPA to other behaviors unfavorably impacts body fat%; the compositional model is preferred over the traditional model as its estimates correctly account for the asymmetry, non-linearity, and starting activity composition of the child."
"Dumuid, Stanford, Pedi_i_ (2018)",36,4,MEDLINE,2018,"Adiposity and the isotemporal substitution of physical activity, sedentary time and sleep among school-aged children: a compositional data analysis approach."," International Study of Childhood Obesity, Lifestyle and the Environment (ISCOLE)",2011-2013,"Australia, Canada, United Kingdom, Finland",Cross-sectional,Children,1728,NR,NR,56,NR,School,Accelorometer,Actigraph,GT3X+,Hip,Right,NR,1,60,15,7,NR,NR,22.8,4,10,NR,NR,1,5 weekday : 2 weekend, ³20 consecutive minutes of 0 activity counts,Removed,Yes,,Yes,,Objective only,Fully automated algorithm (ActiLife software),Yes,Evenson et al. (2008),² 25 counts / 15 s,26Ð573 counts / 15 s,³ 574 counts / 15 s,,,1,4.0,Sleep; SB; LPA; MVPA,,,No,NR,NR,ILR,In additional file1,Compositions; robCompositions,1440,NR,Normal weight girls,672,24-hour time-use composition (ILR coordinates),Body fat%,Highest education level of either parent; Number of parents in the home; Number of siblings in the home,Yes,30,Sex; Weight status,No,No,"Reallocating time from MVPA to other behaviors unfavorably impacts body fat%; the compositional model is preferred over the traditional model as its estimates correctly account for the asymmetry, non-linearity, and starting activity composition of the child."
"Dumuid, Stanford, Pedi_i_ (2018)",36,4,MEDLINE,2018,"Adiposity and the isotemporal substitution of physical activity, sedentary time and sleep among school-aged children: a compositional data analysis approach."," International Study of Childhood Obesity, Lifestyle and the Environment (ISCOLE)",2011-2013,"Australia, Canada, United Kingdom, Finland",Cross-sectional,Children,1728,NR,NR,56,NR,School,Accelorometer,Actigraph,GT3X+,Hip,Right,NR,1,60,15,7,NR,NR,22.8,4,10,NR,NR,1,5 weekday : 2 weekend, ³20 consecutive minutes of 0 activity counts,Removed,Yes,,Yes,,Objective only,Fully automated algorithm (ActiLife software),Yes,Evenson et al. (2008),² 25 counts / 15 s,26Ð573 counts / 15 s,³ 574 counts / 15 s,,,1,4.0,Sleep; SB; LPA; MVPA,,,No,NR,NR,ILR,In additional file1,Compositions; robCompositions,1440,NR,Overweight girls,207,24-hour time-use composition (ILR coordinates),Body fat%,Highest education level of either parent; Number of parents in the home; Number of siblings in the home,Yes,30,Sex; Weight status,No,No,"Reallocating time from MVPA to other behaviors unfavorably impacts body fat%; the compositional model is preferred over the traditional model as its estimates correctly account for the asymmetry, non-linearity, and starting activity composition of the child."
"Dumuid, Stanford, Pedi_i_ (2018)",36,4,MEDLINE,2018,"Adiposity and the isotemporal substitution of physical activity, sedentary time and sleep among school-aged children: a compositional data analysis approach."," International Study of Childhood Obesity, Lifestyle and the Environment (ISCOLE)",2011-2013,"Australia, Canada, United Kingdom, Finland",Cross-sectional,Children,1728,NR,NR,56,NR,School,Accelorometer,Actigraph,GT3X+,Hip,Right,NR,1,60,15,7,NR,NR,22.8,4,10,NR,NR,1,5 weekday : 2 weekend, ³20 consecutive minutes of 0 activity counts,Removed,Yes,,Yes,,Objective only,Fully automated algorithm (ActiLife software),Yes,Evenson et al. (2008),² 25 counts / 15 s,26Ð573 counts / 15 s,³ 574 counts / 15 s,,,1,4.0,Sleep; SB; LPA; MVPA,,,No,NR,NR,ILR,In additional file1,Compositions; robCompositions,1440,NR,Obese girls,78,24-hour time-use composition (ILR coordinates),Body fat%,Highest education level of either parent; Number of parents in the home; Number of siblings in the home,Yes,30,Sex; Weight status,No,No,"Reallocating time from MVPA to other behaviors unfavorably impacts body fat%; the compositional model is preferred over the traditional model as its estimates correctly account for the asymmetry, non-linearity, and starting activity composition of the child."
"Dumuid, Maher, Lewis (2018)",51,5,Psychology and Behavioral Sciences Collection,2018,"Human development index, children's health-related quality of life and movement behaviors: a compositional data analysis.","International Study of Childhood Obesity, Lifestyle and the Environment (ISCOLE)",2011-2013,"Australia, Brazil, Canada, China, Colombia, England, Finland, India, Kenya, Portugal, South Africa, and the United States (12 nations)",Cross-sectional,Children,5855,NR,NR,NR,NR,School,Accelorometer,Actigraph,GT3X+,Hip,Right,80,1,60,15,7,NR,NR,22.8,4,10,NR,160 for 3 nights,1,5 weekday : 2 weekend,NR,NR,Yes,,Yes,,Objective only,"Barreira et al, 2014 Sleep detection Algorithm",Yes,Evenson et al. (2008),² 25 counts / 15 s,26Ð573 counts / 15 s,³ 574 counts / 15 s,,,1,4.0,Sleep; SB; LPA; MVPA,,,Yes,checked for zeros; none were present; thus no handling done,,ILR,"First ILR coordinate: Numerator = MVPA; Denominator = geometric mean of Sleep, SB, LPA",Compositions; robCompositions; lme4,1440,NR,Australia,435,24-hour time-use composition (ILR coordinates),Health-related quality of life (HRQoL) (KIDSCREEN-10 score),Parental education; Number of siblings; Number of parents in the home; Child sex; BMI z-score,Yes,15,country HDI,No,No,
"Dumuid, Maher, Lewis (2018)",51,5,Psychology and Behavioral Sciences Collection,2018,"Human development index, children's health-related quality of life and movement behaviors: a compositional data analysis.","International Study of Childhood Obesity, Lifestyle and the Environment (ISCOLE)",2011-2013,"Australia, Brazil, Canada, China, Colombia, England, Finland, India, Kenya, Portugal, South Africa, and the United States (12 nations)",Cross-sectional,Children,5855,NR,NR,NR,NR,School,Accelorometer,Actigraph,GT3X+,Hip,Right,80,1,60,15,7,NR,NR,22.8,4,10,NR,160 for 3 nights,1,5 weekday : 2 weekend,NR,NR,Yes,,Yes,,Objective only,"Barreira et al, 2014 Sleep detection Algorithm",Yes,Evenson et al. (2008),² 25 counts / 15 s,26Ð573 counts / 15 s,³ 574 counts / 15 s,,,1,4.0,Sleep; SB; LPA; MVPA,,,Yes,checked for zeros; none were present; thus no handling done,,ILR,"First ILR coordinate: Numerator = MVPA; Denominator = geometric mean of Sleep, SB, LPA",Compositions; robCompositions; lme5,1440,NR,England,376,24-hour time-use composition (ILR coordinates),Health-related quality of life (HRQoL) (KIDSCREEN-10 score),Parental education; Number of siblings; Number of parents in the home; Child sex; BMI z-score,Yes,15,country HDI,No,No,
"Dumuid, Maher, Lewis (2018)",51,5,Psychology and Behavioral Sciences Collection,2018,"Human development index, children's health-related quality of life and movement behaviors: a compositional data analysis.","International Study of Childhood Obesity, Lifestyle and the Environment (ISCOLE)",2011-2013,"Australia, Brazil, Canada, China, Colombia, England, Finland, India, Kenya, Portugal, South Africa, and the United States (12 nations)",Cross-sectional,Children,5855,NR,NR,NR,NR,School,Accelorometer,Actigraph,GT3X+,Hip,Right,80,1,60,15,7,NR,NR,22.8,4,10,NR,160 for 3 nights,1,5 weekday : 2 weekend,NR,NR,Yes,,Yes,,Objective only,"Barreira et al, 2014 Sleep detection Algorithm",Yes,Evenson et al. (2008),² 25 counts / 15 s,26Ð573 counts / 15 s,³ 574 counts / 15 s,,,1,4.0,Sleep; SB; LPA; MVPA,,,Yes,checked for zeros; none were present; thus no handling done,,ILR,"First ILR coordinate: Numerator = MVPA; Denominator = geometric mean of Sleep, SB, LPA",Compositions; robCompositions; lme6,1440,NR,Canada,500,24-hour time-use composition (ILR coordinates),Health-related quality of life (HRQoL) (KIDSCREEN-10 score),Parental education; Number of siblings; Number of parents in the home; Child sex; BMI z-score,Yes,15,country HDI,No,No,
"Dumuid, Maher, Lewis (2018)",51,5,Psychology and Behavioral Sciences Collection,2018,"Human development index, children's health-related quality of life and movement behaviors: a compositional data analysis.","International Study of Childhood Obesity, Lifestyle and the Environment (ISCOLE)",2011-2013,"Australia, Brazil, Canada, China, Colombia, England, Finland, India, Kenya, Portugal, South Africa, and the United States (12 nations)",Cross-sectional,Children,5855,NR,NR,NR,NR,School,Accelorometer,Actigraph,GT3X+,Hip,Right,80,1,60,15,7,NR,NR,22.8,4,10,NR,160 for 3 nights,1,5 weekday : 2 weekend,NR,NR,Yes,,Yes,,Objective only,"Barreira et al, 2014 Sleep detection Algorithm",Yes,Evenson et al. (2008),² 25 counts / 15 s,26Ð573 counts / 15 s,³ 574 counts / 15 s,,,1,4.0,Sleep; SB; LPA; MVPA,,,Yes,checked for zeros; none were present; thus no handling done,,ILR,"First ILR coordinate: Numerator = MVPA; Denominator = geometric mean of Sleep, SB, LPA",Compositions; robCompositions; lme7,1440,NR,Finland,433,24-hour time-use composition (ILR coordinates),Health-related quality of life (HRQoL) (KIDSCREEN-10 score),Parental education; Number of siblings; Number of parents in the home; Child sex; BMI z-score,Yes,15,country HDI,No,No,
"Dumuid, Maher, Lewis (2018)",51,5,Psychology and Behavioral Sciences Collection,2018,"Human development index, children's health-related quality of life and movement behaviors: a compositional data analysis.","International Study of Childhood Obesity, Lifestyle and the Environment (ISCOLE)",2011-2013,"Australia, Brazil, Canada, China, Colombia, England, Finland, India, Kenya, Portugal, South Africa, and the United States (12 nations)",Cross-sectional,Children,5855,NR,NR,NR,NR,School,Accelorometer,Actigraph,GT3X+,Hip,Right,80,1,60,15,7,NR,NR,22.8,4,10,NR,160 for 3 nights,1,5 weekday : 2 weekend,NR,NR,Yes,,Yes,,Objective only,"Barreira et al, 2014 Sleep detection Algorithm",Yes,Evenson et al. (2008),² 25 counts / 15 s,26Ð573 counts / 15 s,³ 574 counts / 15 s,,,1,4.0,Sleep; SB; LPA; MVPA,,,Yes,checked for zeros; none were present; thus no handling done,,ILR,"First ILR coordinate: Numerator = MVPA; Denominator = geometric mean of Sleep, SB, LPA",Compositions; robCompositions; lme8,1440,NR,Portugal,577,24-hour time-use composition (ILR coordinates),Health-related quality of life (HRQoL) (KIDSCREEN-10 score),Parental education; Number of siblings; Number of parents in the home; Child sex; BMI z-score,Yes,15,country HDI,No,No,
"Dumuid, Maher, Lewis (2018)",51,5,Psychology and Behavioral Sciences Collection,2018,"Human development index, children's health-related quality of life and movement behaviors: a compositional data analysis.","International Study of Childhood Obesity, Lifestyle and the Environment (ISCOLE)",2011-2013,"Australia, Brazil, Canada, China, Colombia, England, Finland, India, Kenya, Portugal, South Africa, and the United States (12 nations)",Cross-sectional,Children,5855,NR,NR,NR,NR,School,Accelorometer,Actigraph,GT3X+,Hip,Right,80,1,60,15,7,NR,NR,22.8,4,10,NR,160 for 3 nights,1,5 weekday : 2 weekend,NR,NR,Yes,,Yes,,Objective only,"Barreira et al, 2014 Sleep detection Algorithm",Yes,Evenson et al. (2008),² 25 counts / 15 s,26Ð573 counts / 15 s,³ 574 counts / 15 s,,,1,4.0,Sleep; SB; LPA; MVPA,,,Yes,checked for zeros; none were present; thus no handling done,,ILR,"First ILR coordinate: Numerator = MVPA; Denominator = geometric mean of Sleep, SB, LPA",Compositions; robCompositions; lme9,1440,NR,USA,446,24-hour time-use composition (ILR coordinates),Health-related quality of life (HRQoL) (KIDSCREEN-10 score),Parental education; Number of siblings; Number of parents in the home; Child sex; BMI z-score,Yes,15,country HDI,No,No,
"Dumuid, Maher, Lewis (2018)",51,5,Psychology and Behavioral Sciences Collection,2018,"Human development index, children's health-related quality of life and movement behaviors: a compositional data analysis.","International Study of Childhood Obesity, Lifestyle and the Environment (ISCOLE)",2011-2013,"Australia, Brazil, Canada, China, Colombia, England, Finland, India, Kenya, Portugal, South Africa, and the United States (12 nations)",Cross-sectional,Children,5855,NR,NR,NR,NR,School,Accelorometer,Actigraph,GT3X+,Hip,Right,80,1,60,15,7,NR,NR,22.8,4,10,NR,160 for 3 nights,1,5 weekday : 2 weekend,NR,NR,Yes,,Yes,,Objective only,"Barreira et al, 2014 Sleep detection Algorithm",Yes,Evenson et al. (2008),² 25 counts / 15 s,26Ð573 counts / 15 s,³ 574 counts / 15 s,,,1,4.0,Sleep; SB; LPA; MVPA,,,Yes,checked for zeros; none were present; thus no handling done,,ILR,"First ILR coordinate: Numerator = MVPA; Denominator = geometric mean of Sleep, SB, LPA",Compositions; robCompositions; lme10,1440,NR,Brazil,435,24-hour time-use composition (ILR coordinates),Health-related quality of life (HRQoL) (KIDSCREEN-10 score),Parental education; Number of siblings; Number of parents in the home; Child sex; BMI z-score,Yes,15,country HDI,No,No,
"Dumuid, Maher, Lewis (2018)",51,5,Psychology and Behavioral Sciences Collection,2018,"Human development index, children's health-related quality of life and movement behaviors: a compositional data analysis.","International Study of Childhood Obesity, Lifestyle and the Environment (ISCOLE)",2011-2013,"Australia, Brazil, Canada, China, Colombia, England, Finland, India, Kenya, Portugal, South Africa, and the United States (12 nations)",Cross-sectional,Children,5855,NR,NR,NR,NR,School,Accelorometer,Actigraph,GT3X+,Hip,Right,80,1,60,15,7,NR,NR,22.8,4,10,NR,160 for 3 nights,1,5 weekday : 2 weekend,NR,NR,Yes,,Yes,,Objective only,"Barreira et al, 2014 Sleep detection Algorithm",Yes,Evenson et al. (2008),² 25 counts / 15 s,26Ð573 counts / 15 s,³ 574 counts / 15 s,,,1,4.0,Sleep; SB; LPA; MVPA,,,Yes,checked for zeros; none were present; thus no handling done,,ILR,"First ILR coordinate: Numerator = MVPA; Denominator = geometric mean of Sleep, SB, LPA",Compositions; robCompositions; lme11,1440,NR,Colombia,821,24-hour time-use composition (ILR coordinates),Health-related quality of life (HRQoL) (KIDSCREEN-10 score),Parental education; Number of siblings; Number of parents in the home; Child sex; BMI z-score,Yes,15,country HDI,No,No,
"Dumuid, Maher, Lewis (2018)",51,5,Psychology and Behavioral Sciences Collection,2018,"Human development index, children's health-related quality of life and movement behaviors: a compositional data analysis.","International Study of Childhood Obesity, Lifestyle and the Environment (ISCOLE)",2011-2013,"Australia, Brazil, Canada, China, Colombia, England, Finland, India, Kenya, Portugal, South Africa, and the United States (12 nations)",Cross-sectional,Children,5855,NR,NR,NR,NR,School,Accelorometer,Actigraph,GT3X+,Hip,Right,80,1,60,15,7,NR,NR,22.8,4,10,NR,160 for 3 nights,1,5 weekday : 2 weekend,NR,NR,Yes,,Yes,,Objective only,"Barreira et al, 2014 Sleep detection Algorithm",Yes,Evenson et al. (2008),² 25 counts / 15 s,26Ð573 counts / 15 s,³ 574 counts / 15 s,,,1,4.0,Sleep; SB; LPA; MVPA,,,Yes,checked for zeros; none were present; thus no handling done,,ILR,"First ILR coordinate: Numerator = MVPA; Denominator = geometric mean of Sleep, SB, LPA",Compositions; robCompositions; lme12,1440,NR,China,462,24-hour time-use composition (ILR coordinates),Health-related quality of life (HRQoL) (KIDSCREEN-10 score),Parental education; Number of siblings; Number of parents in the home; Child sex; BMI z-score,Yes,15,country HDI,No,No,
"Dumuid, Maher, Lewis (2018)",51,5,Psychology and Behavioral Sciences Collection,2018,"Human development index, children's health-related quality of life and movement behaviors: a compositional data analysis.","International Study of Childhood Obesity, Lifestyle and the Environment (ISCOLE)",2011-2013,"Australia, Brazil, Canada, China, Colombia, England, Finland, India, Kenya, Portugal, South Africa, and the United States (12 nations)",Cross-sectional,Children,5855,NR,NR,NR,NR,School,Accelorometer,Actigraph,GT3X+,Hip,Right,80,1,60,15,7,NR,NR,22.8,4,10,NR,160 for 3 nights,1,5 weekday : 2 weekend,NR,NR,Yes,,Yes,,Objective only,"Barreira et al, 2014 Sleep detection Algorithm",Yes,Evenson et al. (2008),² 25 counts / 15 s,26Ð573 counts / 15 s,³ 574 counts / 15 s,,,1,4.0,Sleep; SB; LPA; MVPA,,,Yes,checked for zeros; none were present; thus no handling done,,ILR,"First ILR coordinate: Numerator = MVPA; Denominator = geometric mean of Sleep, SB, LPA",Compositions; robCompositions; lme13,1440,NR,India,526,24-hour time-use composition (ILR coordinates),Health-related quality of life (HRQoL) (KIDSCREEN-10 score),Parental education; Number of siblings; Number of parents in the home; Child sex; BMI z-score,Yes,15,country HDI,No,No,
"Dumuid, Maher, Lewis (2018)",51,5,Psychology and Behavioral Sciences Collection,2018,"Human development index, children's health-related quality of life and movement behaviors: a compositional data analysis.","International Study of Childhood Obesity, Lifestyle and the Environment (ISCOLE)",2011-2013,"Australia, Brazil, Canada, China, Colombia, England, Finland, India, Kenya, Portugal, South Africa, and the United States (12 nations)",Cross-sectional,Children,5855,NR,NR,NR,NR,School,Accelorometer,Actigraph,GT3X+,Hip,Right,80,1,60,15,7,NR,NR,22.8,4,10,NR,160 for 3 nights,1,5 weekday : 2 weekend,NR,NR,Yes,,Yes,,Objective only,"Barreira et al, 2014 Sleep detection Algorithm",Yes,Evenson et al. (2008),² 25 counts / 15 s,26Ð573 counts / 15 s,³ 574 counts / 15 s,,,1,4.0,Sleep; SB; LPA; MVPA,,,Yes,checked for zeros; none were present; thus no handling done,,ILR,"First ILR coordinate: Numerator = MVPA; Denominator = geometric mean of Sleep, SB, LPA",Compositions; robCompositions; lme14,1440,NR,South Africa,387,24-hour time-use composition (ILR coordinates),Health-related quality of life (HRQoL) (KIDSCREEN-10 score),Parental education; Number of siblings; Number of parents in the home; Child sex; BMI z-score,Yes,15,country HDI,No,No,
"Dumuid, Maher, Lewis (2018)",51,5,Psychology and Behavioral Sciences Collection,2018,"Human development index, children's health-related quality of life and movement behaviors: a compositional data analysis.","International Study of Childhood Obesity, Lifestyle and the Environment (ISCOLE)",2011-2013,"Australia, Brazil, Canada, China, Colombia, England, Finland, India, Kenya, Portugal, South Africa, and the United States (12 nations)",Cross-sectional,Children,5855,NR,NR,NR,NR,School,Accelorometer,Actigraph,GT3X+,Hip,Right,80,1,60,15,7,NR,NR,22.8,4,10,NR,160 for 3 nights,1,5 weekday : 2 weekend,NR,NR,Yes,,Yes,,Objective only,"Barreira et al, 2014 Sleep detection Algorithm",Yes,Evenson et al. (2008),² 25 counts / 15 s,26Ð573 counts / 15 s,³ 574 counts / 15 s,,,1,4.0,Sleep; SB; LPA; MVPA,,,Yes,checked for zeros; none were present; thus no handling done,,ILR,"First ILR coordinate: Numerator = MVPA; Denominator = geometric mean of Sleep, SB, LPA",Compositions; robCompositions; lme15,1440,NR,Kenya,457,24-hour time-use composition (ILR coordinates),Health-related quality of life (HRQoL) (KIDSCREEN-10 score),Parental education; Number of siblings; Number of parents in the home; Child sex; BMI z-score,Yes,15,country HDI,No,No,
"Talarico, Janssen (2018) ",63,6,MEDLINE,2018,"Compositional associations of time spent in sleep, sedentary behavior and physical activity with obesity measures in children.","Primary data collection (Kingston, Canada)",NR,Canada,Cross-sectional,Children,434,11.7,NR,50.2,11.8,Community,Accelorometer,Philips Respironics,Actical,Hip,Right,NR,15,NR,NR,7,NR,NR,23.46,4,19,NR,NR,NR,NR,³60 min of 0 counts (allow 2 min <100 counts),Removed,Yes,,Yes,Sleep log 	,Objective + Subjective,Log-Based (Derived from Actical + sleep log verified visually against accelerometer data),Yes,"Puyau et al., 2002 (child calibration)",<100 counts / min,100Ð1499 counts / min,>1499 counts / min,,,1,4.0,Sleep; SB; LPA; MVPA,,,No,NR,NR,ILR,Sequential binary partition; first ILR expresses one part vs geometric mean of remaining parts; 4 behaviors input _ 3 ILRs output; only first ILR interpreted; ILR2 & ILR3 used for regression, robCompositions,24,normalized to the proportion of the total time so that the total daily time was always 24 h.,,,24-hour time-use composition (ILR coordinates),"BMI z-score, waist circumference, log fat mass index",Age; sex; biological maturity; season of data collection; accelerometer wear time; frequency of snack food consumption in front of a screen,Yes,5Ð120 min modeled; main examples = ±30 min changes,None Ð interactions by sex and age tested but non-significant,No,No,
"Janurek, Abdel Hadi, Mojzisch (2018)",69,7,MEDLINE,2018,"The Association of the 24 Hour Distribution of Time Spent in Physical Activity, Work, and Sleep with Emotional Exhaustion.","Primary data collection (Justus-Liebig-University Giessen, Germany)",NR,Germany,cross-sectional multilevel,Adult,104,22.48,4.32,89,NR,School,Accelorometer,ActiGraph,ActiSleep+,Wrist,non-dominant,30,60,NR,NR,8,NR,Marginal days (first and last excluded),23.99,6,10,NR,NR,NR,NR,Choi algorithm,Excluded,Yes for MVPA; No for study time,"Participants answered the following two questions: ÒHow much time did you spend at university
attending lectures yesterday?Ó and ÒHow much time did you spend studying apart from attending
lecture yesterday (e.g., home exams, preparing for exams)?Ó. Participants indicated the respective
times in hours. Both values were summed up to build the factor Òstudy timeÓ.",Yes,,Objective only,	ActiLife 6 software,Yes,Freedson Cutpoints,,,³1952 counts per 60s (Freedson),Study time,"Self-report: ""How much time did you spend at university attending lectures yesterday?"" and ""How much time did you spend studying apart from attending lecture yesterday (e.g., home exams, preparing for exams)?""",1,3.0,Sleep; MVPA; study time.,,,No,NR,NR,ILR,NR,Physical Activity CoDa Regression Model (PACRM) developed by McGregor et al.,100,"These proportions of
time spent in sleep, MVPA, and study were then expressed as percentages of 24 h so that their sum
(+remaining, not-considered residual) equaled 100%.",,,24-hour time-use composition (ILR coordinates),Emotional exhaustion,Age; Gender,No,,No,No,No,
"Dumuid, Wake, Clifford (2019)",74,11,MEDLINE,2019,The Association of the Body Composition of Children with 24-Hour Activity Composition.,Longitudinal Study of Australian Children (LSAC) - Child Health CheckPoint,2015Ð2016,Australia,Cross-sectional,Children,971,11.9,0.4,50,NR,Community,Accelorometer,Activinsights Ltd,GENEActiv,wrist,Nondominant ,50,60,NR,NR,8,NR,NR,NR,4,10,1000,200,NR,5 weekday : 2 weekend,Visual inspection of accelerometer trace + diary bed/wake times + device removal card,Replaced sport nonwear with 50%MVPA/30%LPA/20%SB,Yes,,Yes,,Objective only,Visual interpretation + activity card (bedtime/wake time logs),Yes,"Phillips et al. 2013 cutpoints (adjusted for 50 Hz): 244, 878, 2175 g-min",244 g-min,878 g-min,2175 g-min,,,1,4.0,Sleep; SB; LPA; MVPA,,,,,,ILR,Pivot coordinates (4-part ILR),R Compositions package,24,"Average minutes spent in each intensity
band were weighted at 5:2 for weekday and weekend days,
and linearly adjusted to collectively sum to 24 hours.",,,24-hour time-use composition (ILR coordinates),Body composition,sex; age; pubertal status; socioeconomic position,Yes,15,Sex,Yes,Yes; 1000 for CI,
"Powell, Browne, Carson (2020)",72,12,MEDLINE,2020,Use of Compositional Data Analysis to Show Estimated Changes in Cardiometabolic Health by Reallocating Time to Light-Intensity Physical Activity in Older Adults.,Mitchelstown Cohort Rescreen Study,2015Ð2017 ,Ireland,Cross-sectional	,Older adults ,	366,64.6	,5.3,46,NR,Primary Care Clinic,Accelorometer,PAL Technologies,activPAL3 Micro,Thigh,Right,20,NR,NR,15,7,NR,NR,23.9 ± 0.4 ,4,10,NR,NR,1,NR,³60 minutes of consecutive zero counts + wear diary confirmation,Excluded from analysis; no imputation.,Yes,,Yes,,Objective only,Calculated: time between 0500 h and the first non-sedentary epoch + time between the last non-sedentary epoch and the following 0500 h time point,Yes for MVPA,activPAL count-to-activity threshold (validated),Posture-based (sitting/reclining detected by activPAL),"Derived:(24h _ SB _ standing _ MVPA)
(no fixed CPM threshold)",5123 counts per 15-second epoch (MVPA threshold),Postural function of the monitor (A position in which one has or is maintaining an upright position while supported by one's feet)8	,Standing,1,5.0,Sleep; SB; Standing; LIPA; MVPA,,,Yes,Replaced by very small values,NR,IlR,Default ilr transformation from the R package 'Compositions' was used.,"Compositions', 'robCompositions' and 'Imtest' R packages",1440,Calculated LIPA to ensure closure (LIPA = 24 h - [sedentary time + standing time + MVPA]),,,24-hour time-use composition (ILR coordinates),BMI; body fat; fat mass; triglycerides,Age; Sex; Disease status; Medication use; Diet; Smoking status; Alcohol consumption; Work status; Lipid markers; Glucose control markers; Fat mass,Yes,30,No,No,No,
"Gba, Dygr_n, _tefelov (2020)",90,13,MEDLINE,2019,How do short sleepers use extra waking hours? A compositional analysis of 24-h time-use patterns among children and adolescents.,NR,2018Ð2019,Czechia,Cross-sectional,Children; Adolescents,659,13.9,2.8,58,NR,School,Accelerometer,ActiGraph,GT9X Link / wGT3X-BT,wrist,Non-dominant,100,5,NR,NR,7,waking up to waking up next day,NR,NR,4,10,NR,NR,1,5:2 weighting,³60 min zero ENMO  detected using default setting in R package GGIR,Imputed using accelerometer data from the same time interval on the remaining days of the week	,Yes,,Yes,Sleep log (guided the sleep algorithm)	,Objective + Subjective,Sustained inactivity (GGIR) + sleep logs,Yes,ENMO mg thresholds,<36 mg,36Ð200 mg,³201 mg,,,2,4.0,Sleep; SB; LPA; MVPA,10,Sleep; SB sporadic; SB 1Ð9 min; SB 10Ð29 min; SB ³30 min; LPA sporadic; LPA 1Ð9 min; LPA ³10 min; MVPA sporadic; MVPA ³1 min,Yes,Bayesian multiplicative replacement of zero with small values,NR,ILR,Helmert coordinates,compositions; robCompositions; SPSS,1440,Weighted means then closed to 1440,Children,343,Sleep,Differences in waking behavior composition,Sex; BMI z-score; Region; Season; Sleep efficiency,No,,Age,No,No,
"Gba, Dygr_n, _tefelov (2020)",90,13,MEDLINE,2020,How do short sleepers use extra waking hours? A compositional analysis of 24-h time-use patterns among children and adolescents.,Primary data collection ,2018Ð2019,Czechia,Cross-sectional,Children; Adolescents,659,13.9,2.8,58,NR,School,Accelerometer,ActiGraph,GT9X Link / wGT3X-BT,wrist,Non-dominant,100,5,NR,NR,7,waking up to waking up next day,NR,NR,4,10,NR,NR,1,5:2 weighting,³60 min zero ENMO  detected using default setting in R package GGIR,Imputed using accelerometer data from the same time interval on the remaining days of the week	,Yes,,Yes,Sleep log (guided the sleep algorithm)	,Objective + Subjective,Sustained inactivity (GGIR) + sleep logs,Yes,ENMO mg thresholds,<36 mg,36Ð200 mg,³201 mg,,,2,4.0,Sleep; SB; LPA; MVPA,10,Sleep; SB sporadic; SB 1Ð9 min; SB 10Ð29 min; SB ³30 min; LPA sporadic; LPA 1Ð9 min; LPA ³10 min; MVPA sporadic; MVPA ³1 min,Yes,Bayesian multiplicative replacement of zero with small values,NR,ILR,Helmert coordinates,compositions; robCompositions; SPSS,1440,Weighted means then closed to 1440,Adolescents,316,Sleep,Differences in waking behavior composition,Sex; BMI z-score; Region; Season; Sleep efficiency,No,,Age,No,No,
"Dumuid, Simm, Wake (2020)",98,14,MEDLINE,2020,"The ""Goldilocks Day"" for Children's Skeletal Health: Compositional Data Analysis of 24-Hour Activity Behaviors.",LSAC CheckPoint,2015Ð2016,Australia,Cross-sectional,Children,804,11.9,0.4,50.4,NR,Community,Accelerometer,Activinsights,GENEActiv,wrist,Non-dominant,50,NR,60,60,8,NR,NR,23.9 h ± 0.4,4,10,1000,200,NR,,Visual inspection of accelerometer traces + self-reported logs,Sport-related nonwear replaced with 50% MVPA 30% LPA 20% SB; other nonwear treated as missing,Yes,,Yes,Sleep diary ,Objective + Subjective,Visual inspection of accelerometer traces plus paper sleep logs using COBRA MATLAB software,No,GENEActiv cut-points ,²244 gámin,>244 to <878 gámin,2175 gámin,,,1,4.0,Sleep; SB; LPA; MVPA,,,Yes,Replaced with 65% of the smallest possible value (1 min/8 d).(44),4.7,ILR,Quadratic ILR terms; Helmert coordinates,Compositions; zCompositions; robustbase; rgl ,1440,Geometric means linearly rescaled to 1440 minutes,Complete Sample,,24-hour time-use composition (ILR coordinates),Skeletal outcomes (pQCT measures),Age; Sex; Pubertal status; Socioeconomic position; Body mass; Tibial length,No,,Sex,Puberty interaction tested,95% bootstrapped confidence interval for compositional center,
"Dumuid, Simm, Wake (2020)",98,14,MEDLINE,2020,"The ""Goldilocks Day"" for Children's Skeletal Health: Compositional Data Analysis of 24-Hour Activity Behaviors.",LSAC CheckPoint,2015Ð2016,Australia,Cross-sectional,Children,804,11.9,0.4,50.4,NR,Community,Accelerometer,Activinsights,GENEActiv,wrist,Non-dominant,50,NR,60,60,8,NR,NR,23.9 h ± 0.4,4,10,1000,200,NR,,Visual inspection of accelerometer traces + self-reported logs,Sport-related nonwear replaced with 50% MVPA 30% LPA 20% SB; other nonwear treated as missing,Yes,,Yes,Sleep diary ,Objective + Subjective,Visual inspection of accelerometer traces plus paper sleep logs using COBRA MATLAB software,No,GENEActiv cut-points ,²244 gámin,>244 to <878 gámin,2175 gámin,,,1,4.0,Sleep; SB; LPA; MVPA,,,Yes,Replaced with 65% of the smallest possible value (1 min/8 d).(44),4.7,ILR,Quadratic ILR terms; Helmert coordinates,Compositions; zCompositions; robustbase; rgl ,1440,Geometric means linearly rescaled to 1440 minutes,Boys,399,24-hour time-use composition (ILR coordinates),Skeletal outcomes (pQCT measures),Age; Sex; Pubertal status; Socioeconomic position; Body mass; Tibial length,No,,Sex,Puberty interaction tested,95% bootstrapped confidence interval for compositional center,
"Dumuid, Simm, Wake (2020)",98,14,MEDLINE,2020,"The ""Goldilocks Day"" for Children's Skeletal Health: Compositional Data Analysis of 24-Hour Activity Behaviors.",LSAC CheckPoint,2015Ð2016,Australia,Cross-sectional,Children,804,11.9,0.4,50.4,NR,Community,Accelerometer,Activinsights,GENEActiv,wrist,Non-dominant,50,NR,60,60,8,NR,NR,23.9 h ± 0.4,4,10,1000,200,NR,,Visual inspection of accelerometer traces + self-reported logs,Sport-related nonwear replaced with 50% MVPA 30% LPA 20% SB; other nonwear treated as missing,Yes,,Yes,Sleep diary ,Objective + Subjective,Visual inspection of accelerometer traces plus paper sleep logs using COBRA MATLAB software,No,GENEActiv cut-points ,²244 gámin,>244 to <878 gámin,2175 gámin,,,1,4.0,Sleep; SB; LPA; MVPA,,,Yes,Replaced with 65% of the smallest possible value (1 min/8 d).(44),4.7,ILR,Quadratic ILR terms; Helmert coordinates,Compositions; zCompositions; robustbase; rgl ,1440,Geometric means linearly rescaled to 1440 minutes,Girls,405,24-hour time-use composition (ILR coordinates),Skeletal outcomes (pQCT measures),Age; Sex; Pubertal status; Socioeconomic position; Body mass; Tibial length,No,,Sex,Puberty interaction tested,95% bootstrapped confidence interval for compositional center,
"Kitano, Kai, Jindo (2020)",247,15,MEDLINE,2020,Compositional data analysis of 24-hour movement behaviors and mental health in workers.,Meiji Yasuda LifeStyle (MYLS) study,2017-2018,Japan,Cross-sectional,Adults,1095,50.2,9.5,68.6,NR,Work,Accelerometer,Omron,Active style Pro HJA750-C,Hip,NR,NR,60,NR,NR,10,NR,NR,NR,3,10,NR,NR,1,No; Separate analysis,20 consecutive min < detection limit,Non-wear removed; not included in behavior totals,Yes,,No,Sleep self-report question,Subjective only,"ÒIn a typical workday/non-workday, how many hours do you usually sleep, excluding napping?Ó",Yes,MET thresholds from Haskell et al. (2007);  Pate et al. (2008),²1.5 METs,1.6Ð2.9 METs,³3.0 METs,,,1,4.0,Sleep; SB; LPA; MVPA,,,Yes,NR,NR,ILR,Pivot coordinates; 3 ilrs,compositions; robCompositions,24,Remaining time allocated proportionally across SB; LPA; MVPA,Workday,1095,24-hour time-use composition (ILR coordinates),Psychological distress (high vs low K6),Age; Sex; BMI; Education; Economic status; Marital status; Smoking; Alcohol; Hiring status; Job type; Overtime hours,Yes,10; 20; 30; 40; 50; 60,Workday; Non-workday,No,No,
"Kitano, Kai, Jindo (2020)",247,15,MEDLINE,2020,Compositional data analysis of 24-hour movement behaviors and mental health in workers.,Meiji Yasuda LifeStyle (MYLS) study,2017-2018,Japan,Cross-sectional ,Adults,1095,50.2,9.5,68.6,NR,Work,Accelerometer,Omron,Active style Pro HJA750-C,Hip,NR,NR,60,NR,NR,10,NR,NR,NR,3,10,NR,NR,1,No; Separate analysis,21 consecutive min < detection limit,Non-wear removed; not included in behavior totals,Yes,,No,Sleep self-report question,Subjective only,"ÒIn a typical workday/non-workday, how many hours do you usually sleep, excluding napping?Ó",Yes,MET thresholds from Haskell et al. (2007);  Pate et al. (2008),²1.5 METs,1.6Ð2.9 METs,³3.0 METs,,,1,4.0,Sleep; SB; LPA; MVPA,,,No,NR,NR,ILR,Pivot coordinates; 3 ilrs,compositions; robCompositions,24,"Sleep from self-report subtracted from 24 h; remaining time proportionally redistributed across SB, LPA, and MVPA based on their observed ratios; composition closed to 24hr",Non-workday,1095,24-hour time-use composition (ILR coordinates),Psychological distress (high vs low K6),Age; Sex; BMI; Education; Economic status; Marital status; Smoking; Alcohol; Hiring status; Job type; Overtime hours,Yes,10; 20; 30; 40; 50; 60,Workday; Non-workday,No,No,
"Del Pozo Cruz, Alfonso-Rosa, McGregor (2020)",263,16,MEDLINE,2020,Sedentary behaviour is associated with depression symptoms: Compositional data analysis from a representative sample of 3233 US adults and older adults assessed with accelerometers.,National Health and Nutrition Examination Survey (NHANES),2005Ð2006,USA,Cross-sectional,Adults; Older Adults,3233,47.43,19.45,52.1,NR,Community,Accelerometer,ActiGraph,AM-7164,Hip,Right,NR,60,NR,NR,7,NR,NR,NR,4,8,NR,NR,NR,,NR,NR,Yes,,No,Validated Sleep Disorder Questionnaire (SDQ),Subjective only,Self-reported duration (h/day),Yes,Standard CPM thresholds,<100 cpm,100Ð2019 cpm,³2020 cpm,,,1,4.0,Sleep; SB; LPA; MVPA,,,Yes,Log-ratio Expectation-Maximisation algorithm,NR,ILR,1st ILR = SB vs GM of LIPA+MVPA+Sleep,compositions; zCompositions,1440,Normalized geometric means to 1440 min,,,Sedentary behaviour (ILR1),PHQ-9 depression score,Age; Sex; Ethnicity; Marital status; Income; Chronic disease; Smoking; BMI,Yes,0Ð60,,No,No,More sedentary time increased depression symptoms. Replacing SB with MVPA or sleep reduced PHQ-9 scores; replacing SB with LIPA had no effect.
"Larisch, Kallings, Hagstrmer (2020)",295,17,MEDLINE,2020,Associations between 24 h Movement Behavior and Mental Health in Office Workers.,"Data from two different projects from the ""Physical activity and healthy brain functions"" research project",2016Ð2018,Sweden,Cross-sectional,Adults,662,41,9,68,NR,Workplace,Accelerometer,ActiGraph,GT3X,Hip (wake time); wrist (sleep),Right (wake time); Left (sleep),30,60,NR,NR,7,"Wake time = diary-reported start/end of being awake; if missing, assumed 06:00Ð23:00",NR,22.71,4,10,NR,NR,No,,³60 min zero counts; max 2 min of non-zero,NR,Yes,NR,No,Diary,Subjective only,Participants were asked to document the time when they started to try to fall asleep and out-of-bed times,Yes,Adult custom cpm,1Ð200,200Ð2689,³2690,NR,NR,1,4.0,Sleep; SB; LPA; MVPA,,,No,NR,NR,ILR,Sequential binary partition; first ILR = each behavior vs geometric mean of others,Compositions,1440,Geometric mean rescaled to 1440,Depression,349,24-hour time-use composition (ILR coordinates),Depression symptoms; anxiety symptoms; burnout; mental wellbeing; stress,Age;sex;education;fitness;sleep efficiency,Yes,1-60,No,Sensitivity model treating stress categorically,No,"No significant associations between the 24-h movement composition and any mental health outcomes; MVPA showed a small positive association with mental wellbeing in adjusted models, but this effect disappeared after adjusting for fitness and sleep efficiency."
"Larisch, Kallings, Hagstrmer (2020)",295,17,MEDLINE,2020,Associations between 24 h Movement Behavior and Mental Health in Office Workers.,"Data from two different projects from the ""Physical activity and healthy brain functions"" research project",2016Ð2018,Sweden,Cross-sectional,Adults,662,41,9,68,NR,Workplace,Accelerometer,ActiGraph,GT3X,Hip (wake time); wrist (sleep),Right (wake time); Left (sleep),30,60,NR,NR,7,"Wake time = diary-reported start/end of being awake; if missing, assumed 06:00Ð23:00",NR,22.71,4,10,NR,NR,No,,³60 min zero counts; max 2 min of non-zero,NR,Yes,NR,No,Diary,Subjective only,Participants were asked to document the time when they started to try to fall asleep and out-of-bed times,Yes,Adult custom cpm,1Ð200,200Ð2689,³2690,NR,NR,1,4.0,Sleep; SB; LPA; MVPA,,,No,NR,NR,ILR,Sequential binary partition; first ILR = each behavior vs geometric mean of others,Compositions,1440,Geometric mean rescaled to 1440,Anxiety,348,24-hour time-use composition (ILR coordinates),Depression symptoms; anxiety symptoms; burnout; mental wellbeing; stress,Age;sex;education;fitness;sleep efficiency,Yes,1-60,No,Sensitivity model treating stress categorically,No,"No significant associations between the 24-h movement composition and any mental health outcomes; MVPA showed a small positive association with mental wellbeing in adjusted models, but this effect disappeared after adjusting for fitness and sleep efficiency."
"Larisch, Kallings, Hagstrmer (2020)",295,17,MEDLINE,2020,Associations between 24 h Movement Behavior and Mental Health in Office Workers.,"Data from two different projects from the ""Physical activity and healthy brain functions"" research project",2016Ð2018,Sweden,Cross-sectional,Adults,662,41,9,68,NR,Workplace,Accelerometer,ActiGraph,GT3X,Hip (wake time); wrist (sleep),Right (wake time); Left (sleep),30,60,NR,NR,7,"Wake time = diary-reported start/end of being awake; if missing, assumed 06:00Ð23:00",NR,22.71,4,10,NR,NR,No,,³60 min zero counts; max 2 min of non-zero,NR,Yes,NR,No,Diary,Subjective only,Participants were asked to document the time when they started to try to fall asleep and out-of-bed times,Yes,Adult custom cpm,1Ð200,200Ð2689,³2690,NR,NR,1,4.0,Sleep; SB; LPA; MVPA,,,No,NR,NR,ILR,Sequential binary partition; first ILR = each behavior vs geometric mean of others,Compositions,1440,Geometric mean rescaled to 1440,Burnout,345,24-hour time-use composition (ILR coordinates),Depression symptoms; anxiety symptoms; burnout; mental wellbeing; stress,Age;sex;education;fitness;sleep efficiency,Yes,1-60,No,Sensitivity model treating stress categorically,No,"No significant associations between the 24-h movement composition and any mental health outcomes; MVPA showed a small positive association with mental wellbeing in adjusted models, but this effect disappeared after adjusting for fitness and sleep efficiency."
"Larisch, Kallings, Hagstrmer (2020)",295,17,MEDLINE,2020,Associations between 24 h Movement Behavior and Mental Health in Office Workers.,"Data from two different projects from the ""Physical activity and healthy brain functions"" research project",2016Ð2018,Sweden,Cross-sectional,Adults,662,41,9,68,NR,Workplace,Accelerometer,ActiGraph,GT3X,Hip (wake time); wrist (sleep),Right (wake time); Left (sleep),30,60,NR,NR,7,"Wake time = diary-reported start/end of being awake; if missing, assumed 06:00Ð23:00",NR,22.71,4,10,NR,NR,No,,³60 min zero counts; max 2 min of non-zero,NR,Yes,NR,No,Diary,Subjective only,Participants were asked to document the time when they started to try to fall asleep and out-of-bed times,Yes,Adult custom cpm,1Ð200,200Ð2689,³2690,NR,NR,1,4.0,Sleep; SB; LPA; MVPA,,,No,NR,NR,ILR,Sequential binary partition; first ILR = each behavior vs geometric mean of others,Compositions,1440,Geometric mean rescaled to 1440,Mental Wellbeing,370,24-hour time-use composition (ILR coordinates),Depression symptoms; anxiety symptoms; burnout; mental wellbeing; stress,Age;sex;education;fitness;sleep efficiency,Yes,1-60,No,Sensitivity model treating stress categorically,No,"No significant associations between the 24-h movement composition and any mental health outcomes; MVPA showed a small positive association with mental wellbeing in adjusted models, but this effect disappeared after adjusting for fitness and sleep efficiency."
"Larisch, Kallings, Hagstrmer (2020)",295,17,MEDLINE,2020,Associations between 24 h Movement Behavior and Mental Health in Office Workers.,"Data from two different projects from the ""Physical activity and healthy brain functions"" research project",2016Ð2018,Sweden,Cross-sectional,Adults,662,41,9,68,NR,Workplace,Accelerometer,ActiGraph,GT3X,Hip (wake time); wrist (sleep),Right (wake time); Left (sleep),30,60,NR,NR,7,"Wake time = diary-reported start/end of being awake; if missing, assumed 06:00Ð23:00",NR,22.71,4,10,NR,NR,No,,³60 min zero counts; max 2 min of non-zero,NR,Yes,NR,No,Diary,Subjective only,Participants were asked to document the time when they started to try to fall asleep and out-of-bed times,Yes,Adult custom cpm,1Ð200,200Ð2689,³2690,NR,NR,1,4.0,Sleep; SB; LPA; MVPA,,,No,NR,NR,ILR,Sequential binary partition; first ILR = each behavior vs geometric mean of others,Compositions,1440,Geometric mean rescaled to 1440,Stress,368,24-hour time-use composition (ILR coordinates),Depression symptoms; anxiety symptoms; burnout; mental wellbeing; stress,Age;sex;education;fitness;sleep efficiency,Yes,1-60,No,Sensitivity model treating stress categorically,No,"No significant associations between the 24-h movement composition and any mental health outcomes; MVPA showed a small positive association with mental wellbeing in adjusted models, but this effect disappeared after adjusting for fitness and sleep efficiency."
"Curtis, Dumuid, Olds (2020)",310,18,MEDLINE,2020,The Association Between Time-Use Behaviors and Physical and Mental Well-Being in Adults: A Compositional Isotemporal Substitution Analysis.,Active Team RCT baseline,,Australia,Cross-sectional ,Adults,430,41.3,11.7,74,NR,Facebook + media recruitment,Accelerometer,GENEActiv,NR,Wrist,Left,50,60,60,,7,Individualized sleep-onset to sleep-offset (manual + diary based),Transition periods excluded via sleep diary,median 24; interquartile range 23.7Ð24.0,16h/day (mean wear 16h),4,10,NR,1,Unweighted average,³60 min <25 cpm; Nonwear identified using diary timestamps when device removed at night,Excluded,Yes,NR,Yes,Sleep diary used when device not worn,Objective + Subjective,Manual identification + diary,Yes,"Established thresholds (Esliger et al., 2011)",NR,188 cpm,403 cpm (MPA); 1131 cpm (VPA); Summed to get mvpa,,,1,4.0,"Sleep, SB, LPA, MVPA",,,No,NR,NR,ILR,NR,compositions; robCompositions,1440,"Linear adjustments to 24h; Curtis et al. (2020) forced every participantÕs day to equal 24 hours. 
If the total minutes of Sleep + SB + LIPA + MVPA did not equal 1440, 
they applied small linear adjustments to each behavior so the total became exactly 24 hours.
This is different from CoDA-style closure (which scales to 1.0). 
Curtis explicitly normalized the data to 1440 minutes per day.",,,24-hour time-use composition (ILR coordinates),BMI; SF-12 Physical Health QoL,Age; sex; education,Yes,15,Yes (stratified by behavior pair),NR,NR,Time-use composition associated with BMI and physical QoL; reallocating time to MVPA predicts better outcomes; reallocating away from MVPA predicts worse outcomes.
"Chastin, McGregor, Palarea-Albaladejo (2021)",39,19,MEDLINE,2021,"Joint association between accelerometry-measured daily combination of time spent in physical activity, sedentary behaviour and sleep and all-cause mortality: a pooled analysis of six prospective cohorts using compositional analysis.",UK Biobank,2013Ð2015,United Kingdom,Cohort study (prospective),Adults,98819,62.3,NR,56.2,NR,NR,Accelerometer,Axivity,Axivity AX3,wrist,Dominant ,NR,5,NR,NR,NR,Midnight-to-midnight (wrist protocol),NR,NR,3,³72 hours total + wear in each hour of 24h,NR,NR,No weighting used,Automated nonwear algorithm (<30 mg for prolonged period; mg metric),Excluded,Yes,No,No,No,Self-report,Subjective only,Yes,Yes,Established cutpoints (Doherty et al.),0Ð39 mg,40Ð99 mg,100+ mg,,,1,4.0,"Sleep, SB, LIPA, MVPA",,,Yes,log ratio EM algorithm; function lrEM of the R package zCompositions,NR,ILR,3 ILR coordinates,compositions; robCompositions; https://github.com/wadpac/code-published-studies/blob/master/WH2_McGregor/call_GGIRshell_pbs.R,1,"The study did NOT fix or adjust the raw minutes to reach 1440 min/day. 
Instead, whatever numbers the study reported (even if they summed to more or less than 1440) 
were automatically converted into proportions of the total time for that person.

CoDA then closes (rescales) the values so that Sleep + SB + LIPA + MVPA = 1.0. 
This is done by dividing each behavior by the total minutes for that person.",UK Biobank,,24-hour time-use composition (ILR coordinates),Mortality,Age; sex; BMI; education; race; Townsend deprivation index; alcohol consumption; smoking status; self-assessed health; fruit and vegetable consumption; oily fish consumption; salt intake; red meat consumption; use of blood pressure or cholesterol medicine; physical limitations on movement; existing medical condition (cardiovascular disease; stroke; cancer); existing diagnosis of diabetes (self-reported diagnosis or use of insulin),No,NR,Study,NR,NR,"In UK Biobank (n = 98,819), higher daily MVPA relative to sedentary and light activity was strongly associated with lower all-cause mortality. Reallocating time from SB or LIPA to MVPA substantially decreased mortality risk, whereas reallocating time from SB to LIPA had little or no protective effect. Sleep did not show a significant association with mortality in this cohort."
"Clarke, Janssen (2021)",44,20,MEDLINE,2021,"A compositional analysis of time spent in sleep, sedentary behaviour and physical activity with all-cause mortality risk.",NHANES 2005Ð2006,2005Ð2006,USA,Cohort,Adults ,2838,46.4,NR,51.8,28.3,Community,Accelerometer,ActiGraph,PAM-7164,Hip,Right,NR,60,3600,60,7,24-hour day reconstructed from sleep + wake behaviors,NR,NR,4,10,NR,NR,NR,NHANES survey weights used,³90 min zero counts (²2 min interruption),Non-wear removed,Yes,NR,No,Yes,Subjective only,Self-report,Yes,Troiano,<100,100Ð2019,³2020,NR,NR,1,4.0,"Sleep, SED, LIPA, MVPA",,,Yes,Smallest detectable value,60,Isometric log ratio,3 ilr coords via sequential binary partition,SAS,Yes,Sleep + normalized wake behaviors,NR,NR,24-h movement composition,All-cause mortality,"Age, sex, education, poverty-to-income ratio, BMI, smoking, alcohol, diet quality",Yes,15,No (only interactions tested),Yes,NR,Relative MVPA reduced mortality; relative SED increased mortality; reallocating time to MVPA reduced risk and removing MVPA increased risk.
"Dumuid, Wake, Burgner (2021)",100,21,MEDLINE,2021,"Balancing time use for children's fitness and adiposity: Evidence to inform 24-hour guidelines for sleep, sedentary time and physical activity.",Child Health CheckPoint (LSAC),2015Ð2016,Australia,Cross-sectional,Children ,1182 (adiposity sample),12,0.4,49,NR,Assessment centres + home visits,Accelerometer,GENEActiv,NR,Non-dominant wrist,Non-dominant,50 Hz,60 sec,60 sec,60 sec,8 days,24-hour composition with sleep from 5-sec algorithm,NR,1432 min/day,4,10,NR,³200 min sleep/d; ³1000 min SED/d,NR,Weighted 5:2 weekday:weekend,Algorithm by van Hees + logs; non-wear ³10h waking; sleep detection via 5-sec epochs,"Non-wear imputed as 50% MVPA, 30% LPA, 20% SED",Yes,Parent log for sleep times,Yes,Yes,Objective + Subjective,Sleep detection via van Hees algorithm,Yes,Cutpoints for GENEActiv,SED <244 g.min,LPA ³878 g.min,MVPA ³2175 g.min,NR,NR,1,4.0,"Sleep, SED, LPA, MVPA",,,Yes,Replace zeros w/ 65% of smallest detectable value,65% of smallest nonzero value,ilr,Using R package ÒcompositionsÓ,ÒcompositionsÓ R pkg,Yes,Compositional center forced to 1440 min,NR,NR,ilrs of 24-h time use,Fitness & adiposity outcomes,"Sex, age, puberty, SEP; fitness also adjusted for zBMI",Yes,10-minute increments,Yes (fitness vs adiposity optimal zones),,Bootstrap used,Estimated optimal sleep 10.2h; SED 9.9h; LPA 2.4h; MVPA 1.5h (trade-off zone)
"Matricciani, Dumuid, Paquet (2021)",101,22,MEDLINE,2021,Sleep and cardiometabolic health in children and adults: examining sleep as a component of the 24-h day.,Child Health CheckPoint (LSAC),2015Ð2016,Australia,Cross-sectional (nested in longitudinal cohort),Children ,1073,12,0.4,50,NR,"National population-based LSAC cohort; assessment centres, regional mini-centres and home visits",Accelerometer,GENEActiv,NR,Non-dominant wrist,Non-dominant,50,5 sec underlying (sleep),60,60,8,"24-h composition of sleep, sedentary time, LPA, MVPA",First night of recording excluded (started 23:00),1440,4,NR,NR,200,Yes (³1 non-school night),5:2 weekday:weekend weighting of time use,Device removals identified from activity monitor card and visual inspection,Non-wear for sport ²4 h imputed as MVPA; other non-wear excluded from analysis,Yes,No,Yes,Yes (Activity Monitor Card bed/wake times used to anchor algorithm),Objective + Subjective,van Hees sleepÐwake algorithm using 5-s epochs collapsed to 1-min; Sadeh rules for onset/offset,Yes,Phillips (children) and Esliger (adults) GENEActiv cut-points,NR,NR,NR,NR,NR,1,4.0,"Sleep, SED, LPA, MVPA",,,Yes,Replaced MVPA zeros with 65% of smallest non-zero value,0.65 * smallest non-zero minute,Isometric log ratio,Four sets of three ilr coordinates; first ilr in each set represents one behaviour vs remaining behaviours,R packages compositions and zCompositions,Yes,Geometric means linearly adjusted so parts sum to 1440 min,Children,1073,"24-h activity composition ilrs (sleep, sedentary time, LPA, MVPA) and sleep characteristics","z-BMI, SBP, DBP, MetSS, GlycA, ApoB/A1","Sex, puberty stage, SEP, season; plus sleep timing, variability and efficiency in fully adjusted models",Yes,20 (with examples also shown for 60-min reallocations),Yes (separate child and adult analyses),No,No,"Longer sleep duration and more MVPA within the 24-h composition were associated with better cardiometabolic profiles; reallocating time from sleep to sedentary time worsened risk, while reallocating from sedentary time or other behaviours to sleep or MVPA was generally favourable."
"Chong, Parrish, Cliff (2021)",114,23,MEDLINE,2021,"Cross-Sectional and Longitudinal Associations between 24-Hour Movement Behaviours, Recreational Screen Use and Psychosocial Health Outcomes in Children: A Compositional Data Analysis Approach.",Transition from primary to secondary school cohort,2018Ð2019,Australia,Longitudinal; cross-sectional CoDA at T1,Children ,127,11.7,0.5,57.5,NR,Convenience sample of 12 schools within 400 km of Wollongong,Accelerometer,GENEActiv,NR,Non-dominant wrist,Non-dominant,75,5 sec ENMO epochs,NR,5,6,"24-h composition of sleep, ST, LPA, MVPA",NR,NR,3,16,1000,200,Yes (³1 weekend day required),5:2 weekday:weekend weighting,Non-wear from SD and range over 60-min windows with 15-min increments (GGIR),Imputed with mean at same clock time on other valid days,Yes,No,Yes,No,Objective + Subjective,van Hees arm-angle sleep period time-window algorithm,Yes,Raw ENMO mg thresholds for children,<52 mg ENMO,52Ð191 mg ENMO,³192 mg ENMO,NR,NR,1,4.0,"Sleep, ST, LPA, MVPA",,,Yes,Not applicable; zero MVPA not mentioned (assumed none after 3-day valid data),NR,Isometric log ratio,Four specific sets of three ilr coordinates; first ilr is target behaviour vs remaining,"R packages compositions, lme4, lmerTest",Yes,Compositional mean adjusted so parts sum to 1440 min,Children T1 cross-sectional sample,127,24-h movement behaviour composition ilrs + recreational screen use level,"Psychosocial health: SDQ internalising, externalising, total difficulties, prosocial; K10 psychological distress","Age, sex, SES (SEIFA IRSD), BAZ, pubertal progression; longitudinal models also include baseline BAZ, change in puberty, school transition experience, baseline outcome, school clustering",No,NR,"Yes (cross-sectional vs longitudinal, but not stratified by sex etc.)",No explicit sensitivity analyses reported,No,"Cross-sectionally, more sleep and less ST and LPA within the 24-h composition plus <=2 h/day recreational screen use were associated with better psychosocial health; no longitudinal associations observed."
"Fairclough, Tyler, Dainty (2021)",122,24,MEDLINE,2021,Cross-sectional associations between 24-hour activity behaviours and mental health indicators in children and adolescents: A compositional data analysis.,West Lancashire school-based sample,2019Ð2020,United Kingdom,Cross-sectional (school-based),Children ,210,10.4,0.7,49,3.1,10 primary and 2 secondary schools in semi-urban West Lancashire,Triaxial accelerometer,ActiGraph,GT9X,Non-dominant wrist,Non-dominant,100,5 sec ENMO epochs,5,5,7,"24-h composition of sleep, ST, LPA, MVPA",NR,1368,3,16,NR,NR,No,Simple average over valid days (no weekday:weekend weighting),Non-wear if SD <13 mg or range <50 mg in ³2 of 3 axes over 60-min window with 15-min sliding,"Non-wear imputed by mean at similar time points on other days (GGIR default, ~5%/day)",Yes,No,Yes,No,Objective + Subjective,"van Hees z-angle sleep algorithm (2018), no diary",Yes,Raw ENMO mg thresholds for youth,<50 mg ENMO,50Ð199 mg ENMO,³200 mg ENMO,NR,NR,1,4.0,"Sleep, ST, LPA, MVPA",0,NR,No,NR,NR,Isometric log-ratio (pivot coordinates),Four sets of three pivot ilr coordinates; first ilr = one behaviour relative to remaining,compositions; robCompositions,Yes,Compositional (geometric) means linearly adjusted to sum 1440 min,Primary school children,210,"24-h movement behaviour composition ilrs (sleep, ST, LPA, MVPA)","Mental health outcomes: self-esteem, depression, SDQ internalizing, externalizing, total, prosocial; executive function (switching, working memory, inhibition)","Age, sex, BMI z-score, IMD decile; school as random intercept",Yes,"5, 10, 15, 20",Yes (by sex and by school level),No explicit sensitivity analyses; multiple imputation for missing data,No,Higher sedentary time relative to other behaviours was associated with more internalizing problems (primary pupils); reallocations generally showed that shifting time to ST predicted poorer outcomes.
"Fairclough, Tyler, Dainty (2021)",122,24,MEDLINE,2021,Cross-sectional associations between 24-hour activity behaviours and mental health indicators in children and adolescents: A compositional data analysis.,West Lancashire school-based sample,2019Ð2020,United Kingdom,Cross-sectional (school-based),Adolescents,149,13,0.3,53,3.1,10 primary and 2 secondary schools in semi-urban West Lancashire,Triaxial accelerometer,ActiGraph,GT9X,Non-dominant wrist,Non-dominant,100,5 sec ENMO epochs,5,5,7,"24-h composition of sleep, ST, LPA, MVPA",NR,1368,3,16,NR,NR,No,Simple average over valid days (no weekday:weekend weighting),Non-wear if SD <13 mg or range <50 mg in ³2 of 3 axes over 60-min window with 15-min sliding,"Non-wear imputed by mean at similar time points on other days (GGIR default, ~5%/day)",Yes,No,Yes,No,Objective + Subjective,"van Hees z-angle sleep algorithm (2018), no diary",Yes,Raw ENMO mg thresholds for youth,<50 mg ENMO,50Ð199 mg ENMO,³200 mg ENMO,NR,NR,1,4.0,"Sleep, ST, LPA, MVPA",0,NR,No,NR,NR,Isometric log-ratio (pivot coordinates),Four sets of three pivot ilr coordinates; first ilr = one behaviour relative to remaining,compositions; robCompositions,Yes,Compositional (geometric) means linearly adjusted to sum 1440 min,Secondary school adolescents,149,"24-h movement behaviour composition ilrs (sleep, ST, LPA, MVPA)","Mental health outcomes: self-esteem, depression, SDQ internalizing, externalizing, total, prosocial; executive function (switching, working memory, inhibition)","Age, sex, BMI z-score, IMD decile; school as random intercept",Yes,"5, 10, 15, 20",Yes (by sex and by school level),No explicit sensitivity analyses; multiple imputation for missing data,No,"Higher sedentary time relative to other behaviours was associated with more internalizing problems (all participants) and lower prosocial behaviour (primary pupils); more LPA (relative to other behaviours) in primary pupils was linked to poorer executive function, and reallocating time from sleep or MVPA to ST, or from MVPA to ST/LPA, predicted less favourable mental health."
"McGregor, Palarea-Albaladejo, Dall (2021)",234,25,MEDLINE,2021,Compositional analysis of the association between mortality and 24-hour movement behaviour from NHANES.,NHANES 2005Ð2006,2005Ð2006,USA,Prospective cohort with mortality follow-up,Adults,1592,63.1,NR,48.3,NR,Nationally representative stratified multistage probability sample,Accelerometer,Actigraph,AM-7164,Waist/hip,NR,NR,60,NR,60,7,NR,NR,NR,1,10,NR,NR,NR,Unweighted average of all valid days,³60 min zero counts (allowing 1Ð2 min interruption),Non-wear removed before averaging,Yes,,No,Sleep self-report question,Subjective only,"ÔHow much sleep do you actually get at night on weekdays
or workdays?Õ",Yes,"Standard count per minutes thresholds (Freedson et al, 1998)",<100 counts/min,100Ð2020 counts/min,>2020 counts/min,NR,NR,1,4.0,Sleep; SB; LPA; MVPA,,,No,NR,NR,ILR,3 ilr coordinates via sequential binary partition as in equation (1),R base with custom opencoda.net code,1440,Sleep from self-report; remaining 24 h allocated proportionally to SB/LIPA/MVPA,Complete Sample,1592,24-hour time-use composition (ILR coordinates),Mortality hazard ratio,age; sex; ethnicity; education; marital status; family income to poverty ratio; smoking status; average alcohol consumption; average dietary intake; average saturated fat intake; average caffeine intake; previous diagnosis of stroke; previous diagnosis of cancer; previous diagnosis of diabetes; self-assessed health; use of medication to control blood pressure; physical limitations on movement.,Yes,,No,Yes (three nested covariate models),No,"Daily 24-h composition was significantly associated with mortality; a higher share of MVPA relative to other behaviours and more LIPA relative to sedentary behaviour and sleep were linked to lower mortality, though the MVPA association weakened after adjusting for baseline health and movement limitations."
"Farrahi, Kangas, Walmsley (2020)",246,26,MEDLINE,2020,Compositional Associations of Sleep and Activities within the 24-h Cycle with Cardiometabolic Health Markers in Adults.,NFBC1966 46-year follow-up,2012,Finland,Cross-sectional (population cohort),Adults,3443,46.6,0.5,55.5,NR,Population cohort in Northern Finland,Triaxial accelerometer,Hookie,AM20,Hip,Waist/hip,100,6-sec MAD epochs,360,360,14,"24-h composition (sleep, SB, LPA, MVPA)",NR,NR,14.3 h,4,10,NR,200,No,Rescaled to 1440 min/day,³90 min non-movement (with up to 30 s interruptions),Non-wear removed,Yes,Self-report bed/wake time,Yes,Subjective only,Yes,"Self-report Q: ""How many hours do you sleep on average per day?""",Yes,MAD-based thresholds (Finni et al.),Sitting/lying classified as SB,Standing still + LPA combined = LPA,Moderate + vigorous = MVPA,NR,NR,3.0,4,"Sleep, SB, LPA, MVPA",0,Compositional means rescaled to 1440 min,Yes,No zero replacement mentioned (no zeros in raw),NR,Isometric log-ratio (ilr),Standard 4-part ilr coordinates; same ilr system used for back-transformation,NR,Yes,compositions; robCompositions,Full sample,"24-h time-use composition (sleep, SB, LPA, MVPA)","Cardiometabolic outcomes: glucose, insulin, HOMA-IR, triglycerides, adiposity, cholesterol ratios","Age, sex, birth weight, education, SES, employment, marital status, smoking, alcohol, medications, HRQoL",Yes,5Ð90 min reallocations,Yes (sleep duration ²7.5 vs >7.5),No,No,More MVPA and LPA relative to other behaviors associated with better metabolic markers; SB and long sleep associated with adverse profiles; U-shaped sleep associations detected.
"Farrahi, Kangas, Walmsley (2020)",246,26,MEDLINE,2020,Compositional Associations of Sleep and Activities within the 24-h Cycle with Cardiometabolic Health Markers in Adults.,NFBC1966 46-year follow-up,2012,Finland,Cross-sectional (population cohort),Adults,1939,46.6,0.5,50.1,NR,Population cohort in Northern Finland,Triaxial accelerometer,Hookie,AM20,Hip,Waist/hip,100,6-sec MAD epochs,360,360,14,"24-h composition (sleep, SB, LPA, MVPA)",NR,NR,14.3 h,4,10,NR,200,No,Rescaled to 1440 min/day,³90 min non-movement (with ²30 s interruptions),Non-wear removed,Yes,Self-report bed/wake time,Yes,Subjective only,Yes,Self-report sleep duration,Yes,MAD thresholds (Finni et al.),<SB: sitting/lying,LPA = standing + light,MVPA = moderate+vigorous,NR,NR,3.0,4,"Sleep, SB, LPA, MVPA",0,Compositional means rescaled to 1440 min,Yes,No zeros reported,NR,Isometric log-ratio (ilr),Standard 4-part ilr system,NR,Yes,compositions; robCompositions,Sleep ²7.5 hours,24-h composition in ilrs,Cardiometabolic biomarkers,"Age, sex, birth weight, SES, smoking, alcohol, medications, HRQoL",Yes,5Ð90 min reallocations,Yes (stratified),No,No,"Shorter sleepers had higher SB, LPA, MVPA; SB more detrimental; MVPA and LPA consistently beneficial across outcomes."
"Farrahi, Kangas, Walmsley (2020)",246,26,MEDLINE,2020,Compositional Associations of Sleep and Activities within the 24-h Cycle with Cardiometabolic Health Markers in Adults.,NFBC1966 46-year follow-up,2012,Finland,Cross-sectional (population cohort),Adults,1504,46.6,0.5,62.5,NR,Population cohort in Northern Finland,Triaxial accelerometer,Hookie,AM20,Hip,Waist/hip,100,6-sec MAD epochs,360,360,14,"24-h composition (sleep, SB, LPA, MVPA)",NR,NR,14.3 h,4,10,NR,200,No,Rescaled to 1440 min/day,³90 min non-movement (²30 s interruption),Non-wear removed,Yes,Self-report bed/wake time,Yes,Subjective only,Yes,Self-report sleep duration,Yes,MAD thresholds for classification,NR,NR,NR,NR,NR,3.0,4,"Sleep, SB, LPA, MVPA",0,Compositional means rescaled to 1440 min,Yes,No zeros,NR,Isometric log-ratio (ilr),Sequential binary partition 4-part ilrs,NR,Yes,compositions; robCompositions,Sleep >7.5 hours,24-h movement composition,Cardiometabolic outcomes,"Age, sex, SES, smoking, alcohol, meds, HRQoL",Yes,5Ð90 min,Yes (stratified),No,No,Long sleepers had more sleep and less SB/LPA/MVPA; more sleep detrimental for BMI and triglycerides; MVPA and LPA remain protective.
